gene site,genome site,wt nt,mutant nt,aa site,wt aa,mutant aa,total seq.,count,n_countries,frequency
43,10098,G,A,15,G,S,92770,11,7,0.000118573
43,10098,G,T,15,G,C,92770,2,2,2.16E-05
43,10098,G,A,15,G,S,91773,10,7,0.000108965
43,10098,G,T,15,G,C,91773,5,4,5.45E-05
43,10098,G,A,15,G,S,90963,6,6,6.60E-05
43,10098,G,A,15,G,S,92500,72,6,0.000778378
43,10098,G,A,15,G,S,93828,14,4,0.000149209
43,10098,G,T,15,G,C,93828,4,3,4.26E-05
43,10098,G,A,15,G,S,93799,9,2,9.59E-05
43,10098,G,T,15,G,C,93799,1,1,1.07E-05
43,10098,G,A,15,G,S,93205,44,10,0.000472078
43,10098,G,A,15,G,S,91696,8,5,8.72E-05
43,10098,G,A,15,G,S,90718,7,5,7.72E-05
43,10098,G,T,15,G,C,90718,1,1,1.10E-05
43,10098,G,A,15,G,S,80151,9,4,0.000112288
43,10098,G,T,15,G,C,80151,2,2,2.50E-05
43,10098,G,A,15,G,S,91215,6,5,6.58E-05
43,10098,G,A,15,G,S,93025,8,4,8.60E-05
43,10098,G,A,15,G,S,89122,19,5,0.000213191
43,10098,G,T,15,G,C,89122,4,3,4.49E-05
43,10098,G,A,15,G,S,92555,11,5,0.000118848
43,10098,G,T,15,G,C,92555,2,2,2.16E-05
43,10098,G,A,15,G,S,93170,9,5,9.66E-05
43,10098,G,T,15,G,C,93170,2,2,2.15E-05
43,10098,G,A,15,G,S,90232,19,6,0.000210568
43,10098,G,T,15,G,C,90232,2,2,2.22E-05
43,10098,G,A,15,G,S,90913,15,7,0.000164993
43,10098,G,A,15,G,S,12502,9,7,0.000719885
43,10098,G,A,15,G,S,92099,36,5,0.000390884
43,10098,G,A,15,G,S,80892,52,8,0.000642832
43,10098,G,T,15,G,C,80892,2,2,2.47E-05
43,10098,G,A,15,G,S,91663,10,8,0.000109095
43,10098,G,T,15,G,C,91663,1,1,1.09E-05
